Suite/Test/Step Name,Browser,Description,Tag,Start time,End time,Duration,Status
Amazon,Firefox 138.0.4,,,21-05-2025 17:04:14,21-05-2025 17:05:14,1m - 0.137s,PASSED
,,,,,,,
Test Cases/Online Shopping/TC01_Shopping,Firefox 138.0.4,,GenAI,21-05-2025 17:04:15,21-05-2025 17:04:30,14.914s,PASSED
"DATA BINDING - {""Keyword"":""mobile"",""Result"":""mobile""}",,,,,,,
"openBrowser("""")",Firefox 138.0.4,,,21-05-2025 17:04:15,21-05-2025 17:04:19,4.130s,PASSED
navigateToUrl(AURL),Firefox 138.0.4,,,21-05-2025 17:04:19,21-05-2025 17:04:21,1.911s,PASSED
"setText(findTestObject(""Amazon/Home Page Amazon.in/input_Search Amazon.in_field-keywords""), Keyword)",Firefox 138.0.4,,,21-05-2025 17:04:21,21-05-2025 17:04:24,2.308s,PASSED
"click(findTestObject(""Amazon/Home Page Amazon.in/input_Search Amazon.in_nav-search-submit-button""))",Firefox 138.0.4,,,21-05-2025 17:04:24,21-05-2025 17:04:27,3.569s,PASSED
"ActualResult = in/span_shoes"")).replace("""""", """")",Firefox 138.0.4,,,21-05-2025 17:04:27,21-05-2025 17:04:29,1.424s,PASSED
"verifyEqual(ActualResult, Result)",Firefox 138.0.4,,,21-05-2025 17:04:29,21-05-2025 17:04:29,0.020s,PASSED
closeBrowser(),Firefox 138.0.4,,,21-05-2025 17:04:29,21-05-2025 17:04:30,1.016s,PASSED
,,,,,,,
Test Cases/Online Shopping/TC01_Shopping,Firefox 138.0.4,,GenAI,21-05-2025 17:04:30,21-05-2025 17:04:41,11.204s,PASSED
"DATA BINDING - {""Keyword"":""watch"",""Result"":""watch""}",,,,,,,
"openBrowser("""")",Firefox 138.0.4,,,21-05-2025 17:04:30,21-05-2025 17:04:33,3.128s,PASSED
navigateToUrl(AURL),Firefox 138.0.4,,,21-05-2025 17:04:33,21-05-2025 17:04:34,1.362s,PASSED
"setText(findTestObject(""Amazon/Home Page Amazon.in/input_Search Amazon.in_field-keywords""), Keyword)",Firefox 138.0.4,,,21-05-2025 17:04:34,21-05-2025 17:04:36,2.341s,PASSED
"click(findTestObject(""Amazon/Home Page Amazon.in/input_Search Amazon.in_nav-search-submit-button""))",Firefox 138.0.4,,,21-05-2025 17:04:36,21-05-2025 17:04:39,2.189s,PASSED
"ActualResult = in/span_shoes"")).replace("""""", """")",Firefox 138.0.4,,,21-05-2025 17:04:39,21-05-2025 17:04:40,1.108s,PASSED
"verifyEqual(ActualResult, Result)",Firefox 138.0.4,,,21-05-2025 17:04:40,21-05-2025 17:04:40,0.000s,PASSED
closeBrowser(),Firefox 138.0.4,,,21-05-2025 17:04:40,21-05-2025 17:04:41,1.048s,PASSED
,,,,,,,
Test Cases/Online Shopping/TC01_Shopping,Firefox 138.0.4,,GenAI,21-05-2025 17:04:41,21-05-2025 17:04:52,10.711s,PASSED
"DATA BINDING - {""Keyword"":""toys"",""Result"":""toys""}",,,,,,,
"openBrowser("""")",Firefox 138.0.4,,,21-05-2025 17:04:41,21-05-2025 17:04:44,2.761s,PASSED
navigateToUrl(AURL),Firefox 138.0.4,,,21-05-2025 17:04:44,21-05-2025 17:04:45,1.421s,PASSED
"setText(findTestObject(""Amazon/Home Page Amazon.in/input_Search Amazon.in_field-keywords""), Keyword)",Firefox 138.0.4,,,21-05-2025 17:04:45,21-05-2025 17:04:47,2.214s,PASSED
"click(findTestObject(""Amazon/Home Page Amazon.in/input_Search Amazon.in_nav-search-submit-button""))",Firefox 138.0.4,,,21-05-2025 17:04:47,21-05-2025 17:04:50,2.342s,PASSED
"ActualResult = in/span_shoes"")).replace("""""", """")",Firefox 138.0.4,,,21-05-2025 17:04:50,21-05-2025 17:04:50,0.867s,PASSED
"verifyEqual(ActualResult, Result)",Firefox 138.0.4,,,21-05-2025 17:04:50,21-05-2025 17:04:50,0.000s,PASSED
closeBrowser(),Firefox 138.0.4,,,21-05-2025 17:04:50,21-05-2025 17:04:52,1.090s,PASSED
,,,,,,,
Test Cases/Online Shopping/TC01_Shopping,Firefox 138.0.4,,GenAI,21-05-2025 17:04:52,21-05-2025 17:05:03,11.313s,PASSED
"DATA BINDING - {""Keyword"":""washing machine"",""Result"":""washing machine""}",,,,,,,
"openBrowser("""")",Firefox 138.0.4,,,21-05-2025 17:04:52,21-05-2025 17:04:54,2.758s,PASSED
navigateToUrl(AURL),Firefox 138.0.4,,,21-05-2025 17:04:54,21-05-2025 17:04:56,1.429s,PASSED
"setText(findTestObject(""Amazon/Home Page Amazon.in/input_Search Amazon.in_field-keywords""), Keyword)",Firefox 138.0.4,,,21-05-2025 17:04:56,21-05-2025 17:04:58,2.348s,PASSED
"click(findTestObject(""Amazon/Home Page Amazon.in/input_Search Amazon.in_nav-search-submit-button""))",Firefox 138.0.4,,,21-05-2025 17:04:58,21-05-2025 17:05:01,2.899s,PASSED
"ActualResult = in/span_shoes"")).replace("""""", """")",Firefox 138.0.4,,,21-05-2025 17:05:01,21-05-2025 17:05:02,0.814s,PASSED
"verifyEqual(ActualResult, Result)",Firefox 138.0.4,,,21-05-2025 17:05:02,21-05-2025 17:05:02,0.000s,PASSED
closeBrowser(),Firefox 138.0.4,,,21-05-2025 17:05:02,21-05-2025 17:05:03,1.049s,PASSED
,,,,,,,
Test Cases/Online Shopping/TC01_Shopping,Firefox 138.0.4,,GenAI,21-05-2025 17:05:03,21-05-2025 17:05:14,11.296s,PASSED
"DATA BINDING - {""Keyword"":""pen"",""Result"":""pen""}",,,,,,,
"openBrowser("""")",Firefox 138.0.4,,,21-05-2025 17:05:03,21-05-2025 17:05:06,3.092s,PASSED
navigateToUrl(AURL),Firefox 138.0.4,,,21-05-2025 17:05:06,21-05-2025 17:05:08,1.618s,PASSED
"setText(findTestObject(""Amazon/Home Page Amazon.in/input_Search Amazon.in_field-keywords""), Keyword)",Firefox 138.0.4,,,21-05-2025 17:05:08,21-05-2025 17:05:10,2.272s,PASSED
"click(findTestObject(""Amazon/Home Page Amazon.in/input_Search Amazon.in_nav-search-submit-button""))",Firefox 138.0.4,,,21-05-2025 17:05:10,21-05-2025 17:05:12,2.148s,PASSED
"ActualResult = in/span_shoes"")).replace("""""", """")",Firefox 138.0.4,,,21-05-2025 17:05:12,21-05-2025 17:05:13,1.022s,PASSED
"verifyEqual(ActualResult, Result)",Firefox 138.0.4,,,21-05-2025 17:05:13,21-05-2025 17:05:13,0.001s,PASSED
closeBrowser(),Firefox 138.0.4,,,21-05-2025 17:05:13,21-05-2025 17:05:14,1.129s,PASSED
