Suite/Test/Step Name,Browser,Description,Tag,Start time,End time,Duration,Status
Flipkart,Edge Chromium 136.0.3240.76,,,21-05-2025 17:08:07,21-05-2025 17:15:43,7m - 35.261s,PASSED
,,,,,,,
Test Cases/Online Shopping/TC02_Shopping,Edge Chromium 136.0.3240.76,,GenAI,21-05-2025 17:08:08,21-05-2025 17:08:24,16.104s,PASSED
"DATA BINDING - {""Keyword"":""mobile"",""Result"":""mobile""}",,,,,,,
"openBrowser("""")",Edge Chromium 136.0.3240.76,,,21-05-2025 17:08:08,21-05-2025 17:08:14,5.351s,PASSED
navigateToUrl(FURL),Edge Chromium 136.0.3240.76,,,21-05-2025 17:08:14,21-05-2025 17:08:16,2.119s,PASSED
"setText(findTestObject(""FlipKart/SearchResult_Flipkart.com/input_Trending_q""), Keyword)",Edge Chromium 136.0.3240.76,,,21-05-2025 17:08:16,21-05-2025 17:08:19,2.669s,PASSED
"submit(findTestObject(""FlipKart/SearchResult_Flipkart.com/input_Trending_q""))",Edge Chromium 136.0.3240.76,,,21-05-2025 17:08:19,21-05-2025 17:08:21,2.658s,PASSED
"ActualResult = com/span_grocery"")).replace("""""", """")",Edge Chromium 136.0.3240.76,,,21-05-2025 17:08:21,21-05-2025 17:08:23,1.224s,PASSED
"verifyEqual(ActualResult, Result)",Edge Chromium 136.0.3240.76,,,21-05-2025 17:08:23,21-05-2025 17:08:23,0.025s,PASSED
closeBrowser(),Edge Chromium 136.0.3240.76,,,21-05-2025 17:08:23,21-05-2025 17:08:24,1.474s,PASSED
,,,,,,,
Test Cases/Online Shopping/TC02_Shopping,Edge Chromium 136.0.3240.76,,GenAI,21-05-2025 17:08:24,21-05-2025 17:08:37,12.807s,PASSED
"DATA BINDING - {""Keyword"":""watch"",""Result"":""watch""}",,,,,,,
"openBrowser("""")",Edge Chromium 136.0.3240.76,,,21-05-2025 17:08:24,21-05-2025 17:08:27,3.351s,PASSED
navigateToUrl(FURL),Edge Chromium 136.0.3240.76,,,21-05-2025 17:08:27,21-05-2025 17:08:30,2.124s,PASSED
"setText(findTestObject(""FlipKart/SearchResult_Flipkart.com/input_Trending_q""), Keyword)",Edge Chromium 136.0.3240.76,,,21-05-2025 17:08:30,21-05-2025 17:08:31,1.859s,PASSED
"submit(findTestObject(""FlipKart/SearchResult_Flipkart.com/input_Trending_q""))",Edge Chromium 136.0.3240.76,,,21-05-2025 17:08:31,21-05-2025 17:08:34,2.762s,PASSED
"ActualResult = com/span_grocery"")).replace("""""", """")",Edge Chromium 136.0.3240.76,,,21-05-2025 17:08:34,21-05-2025 17:08:36,1.347s,PASSED
"verifyEqual(ActualResult, Result)",Edge Chromium 136.0.3240.76,,,21-05-2025 17:08:36,21-05-2025 17:08:36,0.001s,PASSED
closeBrowser(),Edge Chromium 136.0.3240.76,,,21-05-2025 17:08:36,21-05-2025 17:08:37,1.330s,PASSED
,,,,,,,
Test Cases/Online Shopping/TC02_Shopping,Edge Chromium 136.0.3240.76,,GenAI,21-05-2025 17:08:37,21-05-2025 17:09:14,37.335s,PASSED
"DATA BINDING - {""Keyword"":""toys"",""Result"":""toys""}",,,,,,,
"openBrowser("""")",Edge Chromium 136.0.3240.76,,,21-05-2025 17:08:37,21-05-2025 17:08:40,3.012s,PASSED
navigateToUrl(FURL),Edge Chromium 136.0.3240.76,,,21-05-2025 17:08:40,21-05-2025 17:08:42,1.731s,PASSED
"setText(findTestObject(""FlipKart/SearchResult_Flipkart.com/input_Trending_q""), Keyword)",Edge Chromium 136.0.3240.76,,,21-05-2025 17:08:42,21-05-2025 17:09:09,27.224s,PASSED
"submit(findTestObject(""FlipKart/SearchResult_Flipkart.com/input_Trending_q""))",Edge Chromium 136.0.3240.76,,,21-05-2025 17:09:09,21-05-2025 17:09:12,2.939s,PASSED
"ActualResult = com/span_grocery"")).replace("""""", """")",Edge Chromium 136.0.3240.76,,,21-05-2025 17:09:12,21-05-2025 17:09:13,1.022s,PASSED
"verifyEqual(ActualResult, Result)",Edge Chromium 136.0.3240.76,,,21-05-2025 17:09:13,21-05-2025 17:09:13,0.003s,PASSED
closeBrowser(),Edge Chromium 136.0.3240.76,,,21-05-2025 17:09:13,21-05-2025 17:09:14,1.386s,PASSED
,,,,,,,
Test Cases/Online Shopping/TC02_Shopping,Edge Chromium 136.0.3240.76,,GenAI,21-05-2025 17:15:11,21-05-2025 17:15:23,12.091s,PASSED
"DATA BINDING - {""Keyword"":""washing machine"",""Result"":""washing machine""}",,,,,,,
"openBrowser("""")",Edge Chromium 136.0.3240.76,,,21-05-2025 17:15:11,21-05-2025 17:15:15,4.036s,PASSED
navigateToUrl(FURL),Edge Chromium 136.0.3240.76,,,21-05-2025 17:15:15,21-05-2025 17:15:17,1.433s,PASSED
"setText(findTestObject(""FlipKart/SearchResult_Flipkart.com/input_Trending_q""), Keyword)",Edge Chromium 136.0.3240.76,,,21-05-2025 17:15:17,21-05-2025 17:15:18,1.831s,PASSED
"submit(findTestObject(""FlipKart/SearchResult_Flipkart.com/input_Trending_q""))",Edge Chromium 136.0.3240.76,,,21-05-2025 17:15:18,21-05-2025 17:15:21,2.289s,PASSED
"ActualResult = com/span_grocery"")).replace("""""", """")",Edge Chromium 136.0.3240.76,,,21-05-2025 17:15:21,21-05-2025 17:15:22,1.232s,PASSED
"verifyEqual(ActualResult, Result)",Edge Chromium 136.0.3240.76,,,21-05-2025 17:15:22,21-05-2025 17:15:22,0.001s,PASSED
closeBrowser(),Edge Chromium 136.0.3240.76,,,21-05-2025 17:15:22,21-05-2025 17:15:23,1.254s,PASSED
,,,,,,,
Test Cases/Online Shopping/TC02_Shopping,Edge Chromium 136.0.3240.76,,GenAI,21-05-2025 17:15:32,21-05-2025 17:15:43,10.342s,PASSED
"DATA BINDING - {""Keyword"":""pen"",""Result"":""pen""}",,,,,,,
"openBrowser("""")",Edge Chromium 136.0.3240.76,,,21-05-2025 17:15:32,21-05-2025 17:15:35,2.672s,PASSED
navigateToUrl(FURL),Edge Chromium 136.0.3240.76,,,21-05-2025 17:15:35,21-05-2025 17:15:36,1.411s,PASSED
"setText(findTestObject(""FlipKart/SearchResult_Flipkart.com/input_Trending_q""), Keyword)",Edge Chromium 136.0.3240.76,,,21-05-2025 17:15:36,21-05-2025 17:15:38,1.700s,PASSED
"submit(findTestObject(""FlipKart/SearchResult_Flipkart.com/input_Trending_q""))",Edge Chromium 136.0.3240.76,,,21-05-2025 17:15:38,21-05-2025 17:15:40,2.330s,PASSED
"ActualResult = com/span_grocery"")).replace("""""", """")",Edge Chromium 136.0.3240.76,,,21-05-2025 17:15:40,21-05-2025 17:15:41,0.859s,PASSED
"verifyEqual(ActualResult, Result)",Edge Chromium 136.0.3240.76,,,21-05-2025 17:15:41,21-05-2025 17:15:41,0.000s,PASSED
closeBrowser(),Edge Chromium 136.0.3240.76,,,21-05-2025 17:15:41,21-05-2025 17:15:43,1.358s,PASSED
