Suite/Test/Step Name,Browser,Description,Tag,Start time,End time,Duration,Status
Amazon,Firefox 138.0.4,,,21-05-2025 17:08:05,21-05-2025 17:09:17,1m - 12.018s,PASSED
,,,,,,,
Test Cases/Online Shopping/TC01_Shopping,Firefox 138.0.4,,GenAI,21-05-2025 17:08:06,21-05-2025 17:08:23,16.823s,PASSED
"DATA BINDING - {""Keyword"":""mobile"",""Result"":""mobile""}",,,,,,,
"openBrowser("""")",Firefox 138.0.4,,,21-05-2025 17:08:07,21-05-2025 17:08:12,5.050s,PASSED
navigateToUrl(AURL),Firefox 138.0.4,,,21-05-2025 17:08:12,21-05-2025 17:08:14,2.224s,PASSED
"setText(findTestObject(""Amazon/Home Page Amazon.in/input_Search Amazon.in_field-keywords""), Keyword)",Firefox 138.0.4,,,21-05-2025 17:08:14,21-05-2025 17:08:17,2.529s,PASSED
"click(findTestObject(""Amazon/Home Page Amazon.in/input_Search Amazon.in_nav-search-submit-button""))",Firefox 138.0.4,,,21-05-2025 17:08:17,21-05-2025 17:08:20,3.669s,PASSED
"ActualResult = in/span_shoes"")).replace("""""", """")",Firefox 138.0.4,,,21-05-2025 17:08:20,21-05-2025 17:08:22,1.419s,PASSED
"verifyEqual(ActualResult, Result)",Firefox 138.0.4,,,21-05-2025 17:08:22,21-05-2025 17:08:22,0.035s,PASSED
closeBrowser(),Firefox 138.0.4,,,21-05-2025 17:08:22,21-05-2025 17:08:23,1.268s,PASSED
,,,,,,,
Test Cases/Online Shopping/TC01_Shopping,Firefox 138.0.4,,GenAI,21-05-2025 17:08:23,21-05-2025 17:08:39,16.182s,PASSED
"DATA BINDING - {""Keyword"":""watch"",""Result"":""watch""}",,,,,,,
"openBrowser("""")",Firefox 138.0.4,,,21-05-2025 17:08:23,21-05-2025 17:08:26,2.898s,PASSED
navigateToUrl(AURL),Firefox 138.0.4,,,21-05-2025 17:08:26,21-05-2025 17:08:28,1.709s,PASSED
"setText(findTestObject(""Amazon/Home Page Amazon.in/input_Search Amazon.in_field-keywords""), Keyword)",Firefox 138.0.4,,,21-05-2025 17:08:28,21-05-2025 17:08:31,2.913s,PASSED
"click(findTestObject(""Amazon/Home Page Amazon.in/input_Search Amazon.in_nav-search-submit-button""))",Firefox 138.0.4,,,21-05-2025 17:08:31,21-05-2025 17:08:33,2.885s,PASSED
"ActualResult = in/span_shoes"")).replace("""""", """")",Firefox 138.0.4,,,21-05-2025 17:08:33,21-05-2025 17:08:36,2.343s,PASSED
"verifyEqual(ActualResult, Result)",Firefox 138.0.4,,,21-05-2025 17:08:36,21-05-2025 17:08:36,0.002s,PASSED
closeBrowser(),Firefox 138.0.4,,,21-05-2025 17:08:36,21-05-2025 17:08:39,3.405s,PASSED
,,,,,,,
Test Cases/Online Shopping/TC01_Shopping,Firefox 138.0.4,,GenAI,21-05-2025 17:08:39,21-05-2025 17:08:52,12.753s,PASSED
"DATA BINDING - {""Keyword"":""toys"",""Result"":""toys""}",,,,,,,
"openBrowser("""")",Firefox 138.0.4,,,21-05-2025 17:08:39,21-05-2025 17:08:43,3.749s,PASSED
navigateToUrl(AURL),Firefox 138.0.4,,,21-05-2025 17:08:43,21-05-2025 17:08:45,1.866s,PASSED
"setText(findTestObject(""Amazon/Home Page Amazon.in/input_Search Amazon.in_field-keywords""), Keyword)",Firefox 138.0.4,,,21-05-2025 17:08:45,21-05-2025 17:08:47,2.308s,PASSED
"click(findTestObject(""Amazon/Home Page Amazon.in/input_Search Amazon.in_nav-search-submit-button""))",Firefox 138.0.4,,,21-05-2025 17:08:47,21-05-2025 17:08:50,2.386s,PASSED
"ActualResult = in/span_shoes"")).replace("""""", """")",Firefox 138.0.4,,,21-05-2025 17:08:50,21-05-2025 17:08:51,1.078s,PASSED
"verifyEqual(ActualResult, Result)",Firefox 138.0.4,,,21-05-2025 17:08:51,21-05-2025 17:08:51,0.002s,PASSED
closeBrowser(),Firefox 138.0.4,,,21-05-2025 17:08:51,21-05-2025 17:08:52,1.339s,PASSED
,,,,,,,
Test Cases/Online Shopping/TC01_Shopping,Firefox 138.0.4,,GenAI,21-05-2025 17:08:52,21-05-2025 17:09:04,12.108s,PASSED
"DATA BINDING - {""Keyword"":""washing machine"",""Result"":""washing machine""}",,,,,,,
"openBrowser("""")",Firefox 138.0.4,,,21-05-2025 17:08:52,21-05-2025 17:08:55,3.268s,PASSED
navigateToUrl(AURL),Firefox 138.0.4,,,21-05-2025 17:08:55,21-05-2025 17:08:57,1.388s,PASSED
"setText(findTestObject(""Amazon/Home Page Amazon.in/input_Search Amazon.in_field-keywords""), Keyword)",Firefox 138.0.4,,,21-05-2025 17:08:57,21-05-2025 17:08:59,2.811s,PASSED
"click(findTestObject(""Amazon/Home Page Amazon.in/input_Search Amazon.in_nav-search-submit-button""))",Firefox 138.0.4,,,21-05-2025 17:08:59,21-05-2025 17:09:02,2.234s,PASSED
"ActualResult = in/span_shoes"")).replace("""""", """")",Firefox 138.0.4,,,21-05-2025 17:09:02,21-05-2025 17:09:03,1.082s,PASSED
"verifyEqual(ActualResult, Result)",Firefox 138.0.4,,,21-05-2025 17:09:03,21-05-2025 17:09:03,0.003s,PASSED
closeBrowser(),Firefox 138.0.4,,,21-05-2025 17:09:03,21-05-2025 17:09:04,1.299s,PASSED
,,,,,,,
Test Cases/Online Shopping/TC01_Shopping,Firefox 138.0.4,,GenAI,21-05-2025 17:09:04,21-05-2025 17:09:17,13.221s,PASSED
"DATA BINDING - {""Keyword"":""pen"",""Result"":""pen""}",,,,,,,
"openBrowser("""")",Firefox 138.0.4,,,21-05-2025 17:09:04,21-05-2025 17:09:07,3.199s,PASSED
navigateToUrl(AURL),Firefox 138.0.4,,,21-05-2025 17:09:07,21-05-2025 17:09:09,1.307s,PASSED
"setText(findTestObject(""Amazon/Home Page Amazon.in/input_Search Amazon.in_field-keywords""), Keyword)",Firefox 138.0.4,,,21-05-2025 17:09:09,21-05-2025 17:09:12,3.029s,PASSED
"click(findTestObject(""Amazon/Home Page Amazon.in/input_Search Amazon.in_nav-search-submit-button""))",Firefox 138.0.4,,,21-05-2025 17:09:12,21-05-2025 17:09:15,2.895s,PASSED
"ActualResult = in/span_shoes"")).replace("""""", """")",Firefox 138.0.4,,,21-05-2025 17:09:15,21-05-2025 17:09:16,0.999s,PASSED
"verifyEqual(ActualResult, Result)",Firefox 138.0.4,,,21-05-2025 17:09:16,21-05-2025 17:09:16,0.003s,PASSED
closeBrowser(),Firefox 138.0.4,,,21-05-2025 17:09:16,21-05-2025 17:09:17,1.768s,PASSED
