Suite/Test/Step Name,Browser,Description,Tag,Start time,End time,Duration,Status
Flipkart,Firefox 138.0.4,,,21-05-2025 17:05:54,21-05-2025 17:07:41,1m - 47.183s,PASSED
,,,,,,,
Test Cases/Online Shopping/TC02_Shopping,Firefox 138.0.4,,GenAI,21-05-2025 17:05:54,21-05-2025 17:06:05,10.890s,PASSED
"DATA BINDING - {""Keyword"":""mobile"",""Result"":""mobile""}",,,,,,,
"openBrowser("""")",Firefox 138.0.4,,,21-05-2025 17:05:55,21-05-2025 17:05:59,4.101s,PASSED
navigateToUrl(FURL),Firefox 138.0.4,,,21-05-2025 17:05:59,21-05-2025 17:06:00,1.339s,PASSED
"setText(findTestObject(""FlipKart/SearchResult_Flipkart.com/input_Trending_q""), Keyword)",Firefox 138.0.4,,,21-05-2025 17:06:00,21-05-2025 17:06:02,1.726s,PASSED
"submit(findTestObject(""FlipKart/SearchResult_Flipkart.com/input_Trending_q""))",Firefox 138.0.4,,,21-05-2025 17:06:02,21-05-2025 17:06:03,0.950s,PASSED
"ActualResult = com/span_grocery"")).replace("""""", """")",Firefox 138.0.4,,,21-05-2025 17:06:03,21-05-2025 17:06:04,1.416s,PASSED
"verifyEqual(ActualResult, Result)",Firefox 138.0.4,,,21-05-2025 17:06:04,21-05-2025 17:06:04,0.030s,PASSED
closeBrowser(),Firefox 138.0.4,,,21-05-2025 17:06:04,21-05-2025 17:06:05,0.889s,PASSED
,,,,,,,
Test Cases/Online Shopping/TC02_Shopping,Firefox 138.0.4,,GenAI,21-05-2025 17:06:05,21-05-2025 17:06:14,8.820s,PASSED
"DATA BINDING - {""Keyword"":""watch"",""Result"":""watch""}",,,,,,,
"openBrowser("""")",Firefox 138.0.4,,,21-05-2025 17:06:05,21-05-2025 17:06:08,2.742s,PASSED
navigateToUrl(FURL),Firefox 138.0.4,,,21-05-2025 17:06:08,21-05-2025 17:06:09,1.253s,PASSED
"setText(findTestObject(""FlipKart/SearchResult_Flipkart.com/input_Trending_q""), Keyword)",Firefox 138.0.4,,,21-05-2025 17:06:09,21-05-2025 17:06:11,1.362s,PASSED
"submit(findTestObject(""FlipKart/SearchResult_Flipkart.com/input_Trending_q""))",Firefox 138.0.4,,,21-05-2025 17:06:11,21-05-2025 17:06:12,0.813s,PASSED
"ActualResult = com/span_grocery"")).replace("""""", """")",Firefox 138.0.4,,,21-05-2025 17:06:12,21-05-2025 17:06:13,1.602s,PASSED
"verifyEqual(ActualResult, Result)",Firefox 138.0.4,,,21-05-2025 17:06:13,21-05-2025 17:06:13,0.002s,PASSED
closeBrowser(),Firefox 138.0.4,,,21-05-2025 17:06:13,21-05-2025 17:06:14,1.037s,PASSED
,,,,,,,
Test Cases/Online Shopping/TC02_Shopping,Firefox 138.0.4,,GenAI,21-05-2025 17:06:14,21-05-2025 17:06:24,9.460s,PASSED
"DATA BINDING - {""Keyword"":""toys"",""Result"":""toys""}",,,,,,,
"openBrowser("""")",Firefox 138.0.4,,,21-05-2025 17:06:14,21-05-2025 17:06:17,3.044s,PASSED
navigateToUrl(FURL),Firefox 138.0.4,,,21-05-2025 17:06:17,21-05-2025 17:06:19,1.280s,PASSED
"setText(findTestObject(""FlipKart/SearchResult_Flipkart.com/input_Trending_q""), Keyword)",Firefox 138.0.4,,,21-05-2025 17:06:19,21-05-2025 17:06:20,1.727s,PASSED
"submit(findTestObject(""FlipKart/SearchResult_Flipkart.com/input_Trending_q""))",Firefox 138.0.4,,,21-05-2025 17:06:20,21-05-2025 17:06:21,1.007s,PASSED
"ActualResult = com/span_grocery"")).replace("""""", """")",Firefox 138.0.4,,,21-05-2025 17:06:21,21-05-2025 17:06:23,1.483s,PASSED
"verifyEqual(ActualResult, Result)",Firefox 138.0.4,,,21-05-2025 17:06:23,21-05-2025 17:06:23,0.005s,PASSED
closeBrowser(),Firefox 138.0.4,,,21-05-2025 17:06:23,21-05-2025 17:06:24,0.899s,PASSED
,,,,,,,
Test Cases/Online Shopping/TC02_Shopping,Firefox 138.0.4,,GenAI,21-05-2025 17:06:24,21-05-2025 17:07:32,1m - 7.959s,PASSED
"DATA BINDING - {""Keyword"":""washing machine"",""Result"":""washing machine""}",,,,,,,
"openBrowser("""")",Firefox 138.0.4,,,21-05-2025 17:06:24,21-05-2025 17:06:26,2.589s,PASSED
navigateToUrl(FURL),Firefox 138.0.4,,,21-05-2025 17:06:26,21-05-2025 17:06:28,1.257s,PASSED
"setText(findTestObject(""FlipKart/SearchResult_Flipkart.com/input_Trending_q""), Keyword)",Firefox 138.0.4,,,21-05-2025 17:06:28,21-05-2025 17:06:59,31.021s,PASSED
"submit(findTestObject(""FlipKart/SearchResult_Flipkart.com/input_Trending_q""))",Firefox 138.0.4,,,21-05-2025 17:06:59,21-05-2025 17:07:29,30.070s,PASSED
"ActualResult = com/span_grocery"")).replace("""""", """")",Firefox 138.0.4,,,21-05-2025 17:07:29,21-05-2025 17:07:31,2.055s,PASSED
"verifyEqual(ActualResult, Result)",Firefox 138.0.4,,,21-05-2025 17:07:31,21-05-2025 17:07:31,0.010s,PASSED
closeBrowser(),Firefox 138.0.4,,,21-05-2025 17:07:31,21-05-2025 17:07:32,0.946s,PASSED
,,,,,,,
Test Cases/Online Shopping/TC02_Shopping,Firefox 138.0.4,,GenAI,21-05-2025 17:07:32,21-05-2025 17:07:41,9.405s,PASSED
"DATA BINDING - {""Keyword"":""pen"",""Result"":""pen""}",,,,,,,
"openBrowser("""")",Firefox 138.0.4,,,21-05-2025 17:07:32,21-05-2025 17:07:34,2.801s,PASSED
navigateToUrl(FURL),Firefox 138.0.4,,,21-05-2025 17:07:34,21-05-2025 17:07:36,1.275s,PASSED
"setText(findTestObject(""FlipKart/SearchResult_Flipkart.com/input_Trending_q""), Keyword)",Firefox 138.0.4,,,21-05-2025 17:07:36,21-05-2025 17:07:38,2.087s,PASSED
"submit(findTestObject(""FlipKart/SearchResult_Flipkart.com/input_Trending_q""))",Firefox 138.0.4,,,21-05-2025 17:07:38,21-05-2025 17:07:39,0.716s,PASSED
"ActualResult = com/span_grocery"")).replace("""""", """")",Firefox 138.0.4,,,21-05-2025 17:07:39,21-05-2025 17:07:40,1.603s,PASSED
"verifyEqual(ActualResult, Result)",Firefox 138.0.4,,,21-05-2025 17:07:40,21-05-2025 17:07:40,0.005s,PASSED
closeBrowser(),Firefox 138.0.4,,,21-05-2025 17:07:40,21-05-2025 17:07:41,0.895s,PASSED
